,mean_fit_time,std_fit_time,mean_score_time,std_score_time,param_alpha,param_early_stopping,param_l1_ratio,param_max_iter,param_n_iter_no_change,params,split0_test_accuracy,split1_test_accuracy,split2_test_accuracy,split3_test_accuracy,split4_test_accuracy,mean_test_accuracy,std_test_accuracy,rank_test_accuracy
0,0.02879962921142578,0.016665850120116746,0.0015997886657714844,0.0019593329869233124,1e-05,True,0.25,200,5,"{'alpha': 1e-05, 'early_stopping': True, 'l1_ratio': 0.25, 'max_iter': 200, 'n_iter_no_change': 5}",0.7013888888888888,0.7569444444444444,0.7638888888888888,0.7692307692307693,0.6503496503496503,0.7283605283605283,0.04596269720791683,129
1,0.029601383209228515,0.016894043317270024,0.0007997035980224609,0.0015994071960449216,1e-05,True,0.25,200,10,"{'alpha': 1e-05, 'early_stopping': True, 'l1_ratio': 0.25, 'max_iter': 200, 'n_iter_no_change': 10}",0.6388888888888888,0.6944444444444444,0.7777777777777778,0.7552447552447552,0.7132867132867133,0.715928515928516,0.048527819749925157,146
2,0.039200448989868165,0.01587969050640551,0.002399730682373047,0.0019593721371295443,1e-05,True,0.25,200,20,"{'alpha': 1e-05, 'early_stopping': True, 'l1_ratio': 0.25, 'max_iter': 200, 'n_iter_no_change': 20}",0.7777777777777778,0.75,0.5486111111111112,0.7552447552447552,0.7482517482517482,0.7159770784770785,0.08434673366900593,143
3,0.012000370025634765,0.0025298650068526596,0.002400064468383789,0.0031997681516775576,1e-05,True,0.25,500,5,"{'alpha': 1e-05, 'early_stopping': True, 'l1_ratio': 0.25, 'max_iter': 500, 'n_iter_no_change': 5}",0.7013888888888888,0.7569444444444444,0.7638888888888888,0.7692307692307693,0.6503496503496503,0.7283605283605283,0.04596269720791683,129
4,0.023200368881225585,0.02045824064094795,0.001599597930908203,0.001959099362168419,1e-05,True,0.25,500,10,"{'alpha': 1e-05, 'early_stopping': True, 'l1_ratio': 0.25, 'max_iter': 500, 'n_iter_no_change': 10}",0.6388888888888888,0.6944444444444444,0.7777777777777778,0.7552447552447552,0.7132867132867133,0.715928515928516,0.048527819749925157,146
5,0.04720010757446289,0.015470768653702156,0.0015995025634765625,0.001958982567198981,1e-05,True,0.25,500,20,"{'alpha': 1e-05, 'early_stopping': True, 'l1_ratio': 0.25, 'max_iter': 500, 'n_iter_no_change': 20}",0.7777777777777778,0.75,0.5486111111111112,0.7552447552447552,0.7482517482517482,0.7159770784770785,0.08434673366900593,143
6,0.014403867721557616,0.0054229474781508,0.0,0.0,1e-05,True,0.25,1000,5,"{'alpha': 1e-05, 'early_stopping': True, 'l1_ratio': 0.25, 'max_iter': 1000, 'n_iter_no_change': 5}",0.7013888888888888,0.7569444444444444,0.7638888888888888,0.7692307692307693,0.6503496503496503,0.7283605283605283,0.04596269720791683,129
7,0.0223996639251709,0.01689640792589033,0.0015985965728759766,0.0019578758936685814,1e-05,True,0.25,1000,10,"{'alpha': 1e-05, 'early_stopping': True, 'l1_ratio': 0.25, 'max_iter': 1000, 'n_iter_no_change': 10}",0.6388888888888888,0.6944444444444444,0.7777777777777778,0.7552447552447552,0.7132867132867133,0.715928515928516,0.048527819749925157,146
8,0.05200014114379883,0.00912141150890556,0.001600360870361328,0.003200721740722656,1e-05,True,0.25,1000,20,"{'alpha': 1e-05, 'early_stopping': True, 'l1_ratio': 0.25, 'max_iter': 1000, 'n_iter_no_change': 20}",0.7777777777777778,0.75,0.5486111111111112,0.7552447552447552,0.7482517482517482,0.7159770784770785,0.08434673366900593,143
9,0.02400069236755371,0.018066501161841105,0.0007998466491699219,0.0015996932983398438,1e-05,True,0.5,200,5,"{'alpha': 1e-05, 'early_stopping': True, 'l1_ratio': 0.5, 'max_iter': 200, 'n_iter_no_change': 5}",0.6875,0.7430555555555556,0.7638888888888888,0.7552447552447552,0.6783216783216783,0.7256021756021755,0.0355988668995878,132
10,0.023199081420898438,0.0073325315704858,0.0,0.0,1e-05,True,0.5,200,10,"{'alpha': 1e-05, 'early_stopping': True, 'l1_ratio': 0.5, 'max_iter': 200, 'n_iter_no_change': 10}",0.5833333333333334,0.6944444444444444,0.75,0.7552447552447552,0.7622377622377622,0.7090520590520589,0.06731686040458107,152
11,0.04720187187194824,0.015264348343578777,0.0015999794006347657,0.0019595666174743037,1e-05,True,0.5,200,20,"{'alpha': 1e-05, 'early_stopping': True, 'l1_ratio': 0.5, 'max_iter': 200, 'n_iter_no_change': 20}",0.7638888888888888,0.7222222222222222,0.5347222222222222,0.7412587412587412,0.7272727272727273,0.6978729603729604,0.08284422129078702,157
12,0.028797721862792967,0.01440149695455645,0.0007996082305908204,0.0015992164611816407,1e-05,True,0.5,500,5,"{'alpha': 1e-05, 'early_stopping': True, 'l1_ratio': 0.5, 'max_iter': 500, 'n_iter_no_change': 5}",0.6875,0.7430555555555556,0.7638888888888888,0.7552447552447552,0.6783216783216783,0.7256021756021755,0.0355988668995878,132
13,0.028000354766845703,0.014531117179700254,0.002399778366088867,0.003199684620236664,1e-05,True,0.5,500,10,"{'alpha': 1e-05, 'early_stopping': True, 'l1_ratio': 0.5, 'max_iter': 500, 'n_iter_no_change': 10}",0.5833333333333334,0.6944444444444444,0.75,0.7552447552447552,0.7622377622377622,0.7090520590520589,0.06731686040458107,152
14,0.04079947471618652,0.015470213900128049,0.001600790023803711,0.001960559384875476,1e-05,True,0.5,500,20,"{'alpha': 1e-05, 'early_stopping': True, 'l1_ratio': 0.5, 'max_iter': 500, 'n_iter_no_change': 20}",0.7638888888888888,0.7222222222222222,0.5347222222222222,0.7412587412587412,0.7272727272727273,0.6978729603729604,0.08284422129078702,157
15,0.02319965362548828,0.019166458605115313,0.0016004085540771485,0.0019600921817873873,1e-05,True,0.5,1000,5,"{'alpha': 1e-05, 'early_stopping': True, 'l1_ratio': 0.5, 'max_iter': 1000, 'n_iter_no_change': 5}",0.6875,0.7430555555555556,0.7638888888888888,0.7552447552447552,0.6783216783216783,0.7256021756021755,0.0355988668995878,132
16,0.020799922943115234,0.007756168290336371,0.0015999317169189454,0.003199863433837891,1e-05,True,0.5,1000,10,"{'alpha': 1e-05, 'early_stopping': True, 'l1_ratio': 0.5, 'max_iter': 1000, 'n_iter_no_change': 10}",0.5833333333333334,0.6944444444444444,0.75,0.7552447552447552,0.7622377622377622,0.7090520590520589,0.06731686040458107,152
17,0.047199678421020505,0.01933273516248578,0.0008001327514648438,0.0016002655029296875,1e-05,True,0.5,1000,20,"{'alpha': 1e-05, 'early_stopping': True, 'l1_ratio': 0.5, 'max_iter': 1000, 'n_iter_no_change': 20}",0.7638888888888888,0.7222222222222222,0.5347222222222222,0.7412587412587412,0.7272727272727273,0.6978729603729604,0.08284422129078702,157
18,0.020000123977661134,0.012133765443049664,0.0007993221282958984,0.0015986442565917968,1e-05,True,0.75,200,5,"{'alpha': 1e-05, 'early_stopping': True, 'l1_ratio': 0.75, 'max_iter': 200, 'n_iter_no_change': 5}",0.7430555555555556,0.7361111111111112,0.7916666666666666,0.7062937062937062,0.7202797202797203,0.739481351981352,0.02904328841509661,118
19,0.040799522399902345,0.021822731044108708,0.0015994071960449218,0.0019588661320600604,1e-05,True,0.75,200,10,"{'alpha': 1e-05, 'early_stopping': True, 'l1_ratio': 0.75, 'max_iter': 200, 'n_iter_no_change': 10}",0.6736111111111112,0.7569444444444444,0.7638888888888888,0.7412587412587412,0.7832167832167832,0.7437839937839938,0.037584463583119405,110
20,0.05440049171447754,0.01689463934080949,0.0015996932983398438,0.0031993865966796872,1e-05,True,0.75,200,20,"{'alpha': 1e-05, 'early_stopping': True, 'l1_ratio': 0.75, 'max_iter': 200, 'n_iter_no_change': 20}",0.6527777777777778,0.75,0.4861111111111111,0.7202797202797203,0.7552447552447552,0.6728826728826729,0.10026454802018946,160
21,0.02160019874572754,0.012025847933568774,0.0007993698120117188,0.0015987396240234376,1e-05,True,0.75,500,5,"{'alpha': 1e-05, 'early_stopping': True, 'l1_ratio': 0.75, 'max_iter': 500, 'n_iter_no_change': 5}",0.7430555555555556,0.7361111111111112,0.7916666666666666,0.7062937062937062,0.7202797202797203,0.739481351981352,0.02904328841509661,118
22,0.031197786331176758,0.017600471466052144,0.0008010387420654297,0.0016020774841308595,1e-05,True,0.75,500,10,"{'alpha': 1e-05, 'early_stopping': True, 'l1_ratio': 0.75, 'max_iter': 500, 'n_iter_no_change': 10}",0.6736111111111112,0.7569444444444444,0.7638888888888888,0.7412587412587412,0.7832167832167832,0.7437839937839938,0.037584463583119405,110
23,0.0488006591796875,0.011142166662778874,0.0,0.0,1e-05,True,0.75,500,20,"{'alpha': 1e-05, 'early_stopping': True, 'l1_ratio': 0.75, 'max_iter': 500, 'n_iter_no_change': 20}",0.6527777777777778,0.75,0.4861111111111111,0.7202797202797203,0.7552447552447552,0.6728826728826729,0.10026454802018946,160
24,0.014400529861450195,0.010909688207169171,0.0023992061614990234,0.0019589446743647114,1e-05,True,0.75,1000,5,"{'alpha': 1e-05, 'early_stopping': True, 'l1_ratio': 0.75, 'max_iter': 1000, 'n_iter_no_change': 5}",0.7430555555555556,0.7361111111111112,0.7916666666666666,0.7062937062937062,0.7202797202797203,0.739481351981352,0.02904328841509661,118
25,0.01999945640563965,0.008390567457342391,0.0008001327514648438,0.0016002655029296875,1e-05,True,0.75,1000,10,"{'alpha': 1e-05, 'early_stopping': True, 'l1_ratio': 0.75, 'max_iter': 1000, 'n_iter_no_change': 10}",0.6736111111111112,0.7569444444444444,0.7638888888888888,0.7412587412587412,0.7832167832167832,0.7437839937839938,0.037584463583119405,110
26,0.04639997482299805,0.0114817431448271,0.0015999317169189454,0.0019595081663236692,1e-05,True,0.75,1000,20,"{'alpha': 1e-05, 'early_stopping': True, 'l1_ratio': 0.75, 'max_iter': 1000, 'n_iter_no_change': 20}",0.6527777777777778,0.75,0.4861111111111111,0.7202797202797203,0.7552447552447552,0.6728826728826729,0.10026454802018946,160
27,0.02479977607727051,0.004664726047007063,0.0,0.0,1e-05,False,0.25,200,5,"{'alpha': 1e-05, 'early_stopping': False, 'l1_ratio': 0.25, 'max_iter': 200, 'n_iter_no_change': 5}",0.6388888888888888,0.7569444444444444,0.7847222222222222,0.7692307692307693,0.7902097902097902,0.747999222999223,0.0557963640534494,107
28,0.04719901084899902,0.011142916781489029,0.005600500106811524,0.007418573082351076,1e-05,False,0.25,200,10,"{'alpha': 1e-05, 'early_stopping': False, 'l1_ratio': 0.25, 'max_iter': 200, 'n_iter_no_change': 10}",0.6736111111111112,0.7847222222222222,0.8194444444444444,0.8041958041958042,0.7552447552447552,0.7674436674436673,0.05158819808155142,73
29,0.09759912490844727,0.024879447981298222,0.0008002281188964844,0.001600456237792969,1e-05,False,0.25,200,20,"{'alpha': 1e-05, 'early_stopping': False, 'l1_ratio': 0.25, 'max_iter': 200, 'n_iter_no_change': 20}",0.7708333333333334,0.7152777777777778,0.7083333333333334,0.7762237762237763,0.6993006993006993,0.733993783993784,0.03271966497867254,121
30,0.030399608612060546,0.014879745787884622,0.0,0.0,1e-05,False,0.25,500,5,"{'alpha': 1e-05, 'early_stopping': False, 'l1_ratio': 0.25, 'max_iter': 500, 'n_iter_no_change': 5}",0.6388888888888888,0.7569444444444444,0.7847222222222222,0.7692307692307693,0.7902097902097902,0.747999222999223,0.0557963640534494,107
31,0.04800047874450684,0.01943168238739372,0.005599164962768554,0.006973475908543861,1e-05,False,0.25,500,10,"{'alpha': 1e-05, 'early_stopping': False, 'l1_ratio': 0.25, 'max_iter': 500, 'n_iter_no_change': 10}",0.6736111111111112,0.7847222222222222,0.8194444444444444,0.8041958041958042,0.7552447552447552,0.7674436674436673,0.05158819808155142,73
32,0.11039962768554687,0.03671278371062133,0.0,0.0,1e-05,False,0.25,500,20,"{'alpha': 1e-05, 'early_stopping': False, 'l1_ratio': 0.25, 'max_iter': 500, 'n_iter_no_change': 20}",0.7291666666666666,0.7152777777777778,0.5138888888888888,0.8321678321678322,0.6993006993006993,0.6979603729603729,0.10312077880465446,155
33,0.036800813674926755,0.018830358070582486,0.0007994174957275391,0.0015988349914550781,1e-05,False,0.25,1000,5,"{'alpha': 1e-05, 'early_stopping': False, 'l1_ratio': 0.25, 'max_iter': 1000, 'n_iter_no_change': 5}",0.6388888888888888,0.7569444444444444,0.7847222222222222,0.7692307692307693,0.7902097902097902,0.747999222999223,0.0557963640534494,107
34,0.03759989738464355,0.007419205613231609,0.0015997886657714844,0.001959332969516342,1e-05,False,0.25,1000,10,"{'alpha': 1e-05, 'early_stopping': False, 'l1_ratio': 0.25, 'max_iter': 1000, 'n_iter_no_change': 10}",0.6736111111111112,0.7847222222222222,0.8194444444444444,0.8041958041958042,0.7552447552447552,0.7674436674436673,0.05158819808155142,73
35,0.09519929885864258,0.02254212444106921,0.0016001224517822265,0.0019597418374824524,1e-05,False,0.25,1000,20,"{'alpha': 1e-05, 'early_stopping': False, 'l1_ratio': 0.25, 'max_iter': 1000, 'n_iter_no_change': 20}",0.7291666666666666,0.7152777777777778,0.5138888888888888,0.8321678321678322,0.6993006993006993,0.6979603729603729,0.10312077880465446,155
36,0.0272003173828125,0.0029925100356891494,0.0007998466491699219,0.0015996932983398438,1e-05,False,0.5,200,5,"{'alpha': 1e-05, 'early_stopping': False, 'l1_ratio': 0.5, 'max_iter': 200, 'n_iter_no_change': 5}",0.7569444444444444,0.7152777777777778,0.7847222222222222,0.7482517482517482,0.8111888111888111,0.7632770007770009,0.03263502410433793,85
37,0.038399887084960935,0.01352904217822991,0.0008000373840332031,0.0016000747680664062,1e-05,False,0.5,200,10,"{'alpha': 1e-05, 'early_stopping': False, 'l1_ratio': 0.5, 'max_iter': 200, 'n_iter_no_change': 10}",0.6805555555555556,0.7361111111111112,0.7847222222222222,0.7342657342657343,0.6853146853146853,0.7241938616938617,0.038270192049614266,138
38,0.09199376106262207,0.016792910477934266,0.0016000747680664062,0.0019596833718337034,1e-05,False,0.5,200,20,"{'alpha': 1e-05, 'early_stopping': False, 'l1_ratio': 0.5, 'max_iter': 200, 'n_iter_no_change': 20}",0.7291666666666666,0.6875,0.7708333333333334,0.7902097902097902,0.7762237762237763,0.7507867132867132,0.03761841207368577,103
39,0.028800296783447265,0.010245075436774482,0.0008000373840332031,0.0016000747680664062,1e-05,False,0.5,500,5,"{'alpha': 1e-05, 'early_stopping': False, 'l1_ratio': 0.5, 'max_iter': 500, 'n_iter_no_change': 5}",0.7569444444444444,0.7152777777777778,0.7847222222222222,0.7482517482517482,0.8111888111888111,0.7632770007770009,0.03263502410433793,85
40,0.04959864616394043,0.020016965193835407,0.0016008377075195312,0.0019606183520668513,1e-05,False,0.5,500,10,"{'alpha': 1e-05, 'early_stopping': False, 'l1_ratio': 0.5, 'max_iter': 500, 'n_iter_no_change': 10}",0.6805555555555556,0.7361111111111112,0.7847222222222222,0.7342657342657343,0.6853146853146853,0.7241938616938617,0.038270192049614266,138
41,0.1463998317718506,0.06865877931840225,0.0,0.0,1e-05,False,0.5,500,20,"{'alpha': 1e-05, 'early_stopping': False, 'l1_ratio': 0.5, 'max_iter': 500, 'n_iter_no_change': 20}",0.7291666666666666,0.7083333333333334,0.6666666666666666,0.8251748251748252,0.7762237762237763,0.7411130536130537,0.05487920377048353,113
42,0.03359980583190918,0.01120075841765751,0.0015999317169189454,0.0019595081663236692,1e-05,False,0.5,1000,5,"{'alpha': 1e-05, 'early_stopping': False, 'l1_ratio': 0.5, 'max_iter': 1000, 'n_iter_no_change': 5}",0.7569444444444444,0.7152777777777778,0.7847222222222222,0.7482517482517482,0.8111888111888111,0.7632770007770009,0.03263502410433793,85
43,0.05359969139099121,0.005987396807389123,0.0008002758026123047,0.0016005516052246093,1e-05,False,0.5,1000,10,"{'alpha': 1e-05, 'early_stopping': False, 'l1_ratio': 0.5, 'max_iter': 1000, 'n_iter_no_change': 10}",0.6805555555555556,0.7361111111111112,0.7847222222222222,0.7342657342657343,0.6853146853146853,0.7241938616938617,0.038270192049614266,138
44,0.13759965896606446,0.055919598029301604,0.007999944686889648,0.011026975959366754,1e-05,False,0.5,1000,20,"{'alpha': 1e-05, 'early_stopping': False, 'l1_ratio': 0.5, 'max_iter': 1000, 'n_iter_no_change': 20}",0.7291666666666666,0.7083333333333334,0.6666666666666666,0.8251748251748252,0.7762237762237763,0.7411130536130537,0.05487920377048353,113
45,0.02000002861022949,0.013144011400105285,0.007201290130615235,0.01055488077516725,1e-05,False,0.75,200,5,"{'alpha': 1e-05, 'early_stopping': False, 'l1_ratio': 0.75, 'max_iter': 200, 'n_iter_no_change': 5}",0.75,0.7430555555555556,0.7638888888888888,0.7762237762237763,0.7972027972027972,0.7660742035742036,0.019313295646721046,79
46,0.048800420761108396,0.01394950862430637,0.002400636672973633,0.001960112664069029,1e-05,False,0.75,200,10,"{'alpha': 1e-05, 'early_stopping': False, 'l1_ratio': 0.75, 'max_iter': 200, 'n_iter_no_change': 10}",0.7013888888888888,0.7083333333333334,0.7847222222222222,0.7412587412587412,0.7342657342657343,0.733993783993784,0.029488187190830087,121
47,0.08479905128479004,0.00992836822369912,0.0008000373840332031,0.0016000747680664062,1e-05,False,0.75,200,20,"{'alpha': 1e-05, 'early_stopping': False, 'l1_ratio': 0.75, 'max_iter': 200, 'n_iter_no_change': 20}",0.7430555555555556,0.7291666666666666,0.7361111111111112,0.7482517482517482,0.6993006993006993,0.7311771561771562,0.017187975731104494,125
48,0.018400049209594725,0.007419323776515501,0.0,0.0,1e-05,False,0.75,500,5,"{'alpha': 1e-05, 'early_stopping': False, 'l1_ratio': 0.75, 'max_iter': 500, 'n_iter_no_change': 5}",0.75,0.7430555555555556,0.7638888888888888,0.7762237762237763,0.7972027972027972,0.7660742035742036,0.019313295646721046,79
49,0.05039982795715332,0.018863185709083435,0.0024003028869628907,0.00320054294310584,1e-05,False,0.75,500,10,"{'alpha': 1e-05, 'early_stopping': False, 'l1_ratio': 0.75, 'max_iter': 500, 'n_iter_no_change': 10}",0.7013888888888888,0.7083333333333334,0.7847222222222222,0.7412587412587412,0.7342657342657343,0.733993783993784,0.029488187190830087,121
50,0.10639967918395996,0.01763583737584535,0.0,0.0,1e-05,False,0.75,500,20,"{'alpha': 1e-05, 'early_stopping': False, 'l1_ratio': 0.75, 'max_iter': 500, 'n_iter_no_change': 20}",0.6388888888888888,0.7291666666666666,0.7083333333333334,0.8111888111888111,0.7132867132867133,0.7201728826728827,0.05506263578325766,141
51,0.019199848175048828,0.011702195077157758,0.000800323486328125,0.0016006469726562503,1e-05,False,0.75,1000,5,"{'alpha': 1e-05, 'early_stopping': False, 'l1_ratio': 0.75, 'max_iter': 1000, 'n_iter_no_change': 5}",0.75,0.7430555555555556,0.7638888888888888,0.7762237762237763,0.7972027972027972,0.7660742035742036,0.019313295646721046,79
52,0.03999981880187988,0.015388394225990414,0.0008002758026123047,0.0016005516052246093,1e-05,False,0.75,1000,10,"{'alpha': 1e-05, 'early_stopping': False, 'l1_ratio': 0.75, 'max_iter': 1000, 'n_iter_no_change': 10}",0.7013888888888888,0.7083333333333334,0.7847222222222222,0.7412587412587412,0.7342657342657343,0.733993783993784,0.029488187190830087,121
53,0.11280021667480469,0.027527599190443754,0.0015999317169189454,0.0019595083403778036,1e-05,False,0.75,1000,20,"{'alpha': 1e-05, 'early_stopping': False, 'l1_ratio': 0.75, 'max_iter': 1000, 'n_iter_no_change': 20}",0.6388888888888888,0.7291666666666666,0.7083333333333334,0.8111888111888111,0.7132867132867133,0.7201728826728827,0.05506263578325766,141
54,0.011999893188476562,0.003577823109613792,0.0056000232696533205,0.011200046539306641,0.0001,True,0.25,200,5,"{'alpha': 0.0001, 'early_stopping': True, 'l1_ratio': 0.25, 'max_iter': 200, 'n_iter_no_change': 5}",0.7569444444444444,0.7430555555555556,0.6458333333333334,0.7412587412587412,0.6783216783216783,0.7130827505827506,0.043236373441938834,149
55,0.019999933242797852,0.006693878026980235,0.002399730682373047,0.0019593719108434377,0.0001,True,0.25,200,10,"{'alpha': 0.0001, 'early_stopping': True, 'l1_ratio': 0.25, 'max_iter': 200, 'n_iter_no_change': 10}",0.7013888888888888,0.7361111111111112,0.8055555555555556,0.7692307692307693,0.7692307692307693,0.7563034188034188,0.03516629249286553,100
56,0.03919978141784668,0.01627444439705349,0.0,0.0,0.0001,True,0.25,200,20,"{'alpha': 0.0001, 'early_stopping': True, 'l1_ratio': 0.25, 'max_iter': 200, 'n_iter_no_change': 20}",0.7569444444444444,0.7569444444444444,0.7361111111111112,0.7972027972027972,0.7622377622377622,0.7618881118881118,0.019801932829332146,88
57,0.011200046539306641,0.002992318975558333,0.0007998466491699219,0.0015996932983398438,0.0001,True,0.25,500,5,"{'alpha': 0.0001, 'early_stopping': True, 'l1_ratio': 0.25, 'max_iter': 500, 'n_iter_no_change': 5}",0.7569444444444444,0.7430555555555556,0.6458333333333334,0.7412587412587412,0.6783216783216783,0.7130827505827506,0.043236373441938834,149
58,0.029600238800048827,0.019032456797899035,0.0024000167846679687,0.001959605512387423,0.0001,True,0.25,500,10,"{'alpha': 0.0001, 'early_stopping': True, 'l1_ratio': 0.25, 'max_iter': 500, 'n_iter_no_change': 10}",0.7013888888888888,0.7361111111111112,0.8055555555555556,0.7692307692307693,0.7692307692307693,0.7563034188034188,0.03516629249286553,100
59,0.04000058174133301,0.014751288114960784,0.0007996559143066406,0.0015993118286132812,0.0001,True,0.25,500,20,"{'alpha': 0.0001, 'early_stopping': True, 'l1_ratio': 0.25, 'max_iter': 500, 'n_iter_no_change': 20}",0.7569444444444444,0.7569444444444444,0.7361111111111112,0.7972027972027972,0.7622377622377622,0.7618881118881118,0.019801932829332146,88
60,0.011999750137329101,0.0035773429450533943,0.0015997886657714844,0.0019593331087721017,0.0001,True,0.25,1000,5,"{'alpha': 0.0001, 'early_stopping': True, 'l1_ratio': 0.25, 'max_iter': 1000, 'n_iter_no_change': 5}",0.7569444444444444,0.7430555555555556,0.6458333333333334,0.7412587412587412,0.6783216783216783,0.7130827505827506,0.043236373441938834,149
61,0.020000171661376954,0.010430991924819312,0.0008001327514648438,0.0016002655029296875,0.0001,True,0.25,1000,10,"{'alpha': 0.0001, 'early_stopping': True, 'l1_ratio': 0.25, 'max_iter': 1000, 'n_iter_no_change': 10}",0.7013888888888888,0.7361111111111112,0.8055555555555556,0.7692307692307693,0.7692307692307693,0.7563034188034188,0.03516629249286553,100
62,0.027999687194824218,0.004382507594144281,0.0007999420166015625,0.001599884033203125,0.0001,True,0.25,1000,20,"{'alpha': 0.0001, 'early_stopping': True, 'l1_ratio': 0.25, 'max_iter': 1000, 'n_iter_no_change': 20}",0.7569444444444444,0.7569444444444444,0.7361111111111112,0.7972027972027972,0.7622377622377622,0.7618881118881118,0.019801932829332146,88
63,0.012000226974487304,0.0025312975776210604,0.0008000373840332031,0.0016000747680664064,0.0001,True,0.5,200,5,"{'alpha': 0.0001, 'early_stopping': True, 'l1_ratio': 0.5, 'max_iter': 200, 'n_iter_no_change': 5}",0.75,0.7638888888888888,0.7013888888888888,0.7482517482517482,0.6643356643356644,0.7255730380730381,0.03718600221079346,135
64,0.015999889373779295,0.0025299403944605107,0.0008000373840332031,0.0016000747680664064,0.0001,True,0.5,200,10,"{'alpha': 0.0001, 'early_stopping': True, 'l1_ratio': 0.5, 'max_iter': 200, 'n_iter_no_change': 10}",0.6388888888888888,0.7083333333333334,0.8055555555555556,0.7832167832167832,0.7622377622377622,0.7396464646464647,0.059808609609014414,115
65,0.029600143432617188,0.008236087791624118,0.0008000850677490235,0.001600170135498047,0.0001,True,0.5,200,20,"{'alpha': 0.0001, 'early_stopping': True, 'l1_ratio': 0.5, 'max_iter': 200, 'n_iter_no_change': 20}",0.7708333333333334,0.7569444444444444,0.7708333333333334,0.7692307692307693,0.7692307692307693,0.7674145299145299,0.005283873084990726,76
66,0.011199331283569336,0.003919269527411046,0.001600027084350586,0.0019596249786993,0.0001,True,0.5,500,5,"{'alpha': 0.0001, 'early_stopping': True, 'l1_ratio': 0.5, 'max_iter': 500, 'n_iter_no_change': 5}",0.75,0.7638888888888888,0.7013888888888888,0.7482517482517482,0.6643356643356644,0.7255730380730381,0.03718600221079346,135
67,0.03039994239807129,0.014445164623386842,0.0,0.0,0.0001,True,0.5,500,10,"{'alpha': 0.0001, 'early_stopping': True, 'l1_ratio': 0.5, 'max_iter': 500, 'n_iter_no_change': 10}",0.6388888888888888,0.7083333333333334,0.8055555555555556,0.7832167832167832,0.7622377622377622,0.7396464646464647,0.059808609609014414,115
68,0.03520011901855469,0.011973474499160355,0.0008000373840332031,0.0016000747680664062,0.0001,True,0.5,500,20,"{'alpha': 0.0001, 'early_stopping': True, 'l1_ratio': 0.5, 'max_iter': 500, 'n_iter_no_change': 20}",0.7708333333333334,0.7569444444444444,0.7708333333333334,0.7692307692307693,0.7692307692307693,0.7674145299145299,0.005283873084990726,76
69,0.015199899673461914,0.00688536184279462,0.0,0.0,0.0001,True,0.5,1000,5,"{'alpha': 0.0001, 'early_stopping': True, 'l1_ratio': 0.5, 'max_iter': 1000, 'n_iter_no_change': 5}",0.75,0.7638888888888888,0.7013888888888888,0.7482517482517482,0.6643356643356644,0.7255730380730381,0.03718600221079346,135
70,0.015999794006347656,1.5377536293599225e-06,0.0008001327514648438,0.0016002655029296875,0.0001,True,0.5,1000,10,"{'alpha': 0.0001, 'early_stopping': True, 'l1_ratio': 0.5, 'max_iter': 1000, 'n_iter_no_change': 10}",0.6388888888888888,0.7083333333333334,0.8055555555555556,0.7832167832167832,0.7622377622377622,0.7396464646464647,0.059808609609014414,115
71,0.028000259399414064,0.004381419364909124,0.0,0.0,0.0001,True,0.5,1000,20,"{'alpha': 0.0001, 'early_stopping': True, 'l1_ratio': 0.5, 'max_iter': 1000, 'n_iter_no_change': 20}",0.7708333333333334,0.7569444444444444,0.7708333333333334,0.7692307692307693,0.7692307692307693,0.7674145299145299,0.005283873084990726,76
72,0.011999559402465821,0.0025301666255840316,0.0,0.0,0.0001,True,0.75,200,5,"{'alpha': 0.0001, 'early_stopping': True, 'l1_ratio': 0.75, 'max_iter': 200, 'n_iter_no_change': 5}",0.7638888888888888,0.75,0.7222222222222222,0.7272727272727273,0.6923076923076923,0.7311383061383061,0.02461958565314187,126
73,0.015200090408325196,0.004664587022016988,0.0032000064849853514,0.0016000032877896827,0.0001,True,0.75,200,10,"{'alpha': 0.0001, 'early_stopping': True, 'l1_ratio': 0.75, 'max_iter': 200, 'n_iter_no_change': 10}",0.7361111111111112,0.7152777777777778,0.7708333333333334,0.7902097902097902,0.7762237762237763,0.7577311577311577,0.027706394197819728,94
74,0.03360028266906738,0.006499704856074432,0.0,0.0,0.0001,True,0.75,200,20,"{'alpha': 0.0001, 'early_stopping': True, 'l1_ratio': 0.75, 'max_iter': 200, 'n_iter_no_change': 20}",0.75,0.7430555555555556,0.7291666666666666,0.8181818181818182,0.7972027972027972,0.7675213675213676,0.0341295352493189,70
75,0.011200284957885743,0.0016003133322782558,0.0007997512817382813,0.0015995025634765628,0.0001,True,0.75,500,5,"{'alpha': 0.0001, 'early_stopping': True, 'l1_ratio': 0.75, 'max_iter': 500, 'n_iter_no_change': 5}",0.7638888888888888,0.75,0.7222222222222222,0.7272727272727273,0.6923076923076923,0.7311383061383061,0.02461958565314187,126
76,0.02480010986328125,0.008909104869749523,0.0023999691009521486,0.0019595670061835877,0.0001,True,0.75,500,10,"{'alpha': 0.0001, 'early_stopping': True, 'l1_ratio': 0.75, 'max_iter': 500, 'n_iter_no_change': 10}",0.7361111111111112,0.7152777777777778,0.7708333333333334,0.7902097902097902,0.7762237762237763,0.7577311577311577,0.027706394197819728,94
77,0.043199014663696286,0.00890826979536968,0.0,0.0,0.0001,True,0.75,500,20,"{'alpha': 0.0001, 'early_stopping': True, 'l1_ratio': 0.75, 'max_iter': 500, 'n_iter_no_change': 20}",0.75,0.7430555555555556,0.7291666666666666,0.8181818181818182,0.7972027972027972,0.7675213675213676,0.0341295352493189,70
78,0.020000743865966796,0.012132428870968147,0.0015996456146240234,0.0019591580077248957,0.0001,True,0.75,1000,5,"{'alpha': 0.0001, 'early_stopping': True, 'l1_ratio': 0.75, 'max_iter': 1000, 'n_iter_no_change': 5}",0.7638888888888888,0.75,0.7222222222222222,0.7272727272727273,0.6923076923076923,0.7311383061383061,0.02461958565314187,126
79,0.024000167846679688,0.012649807299583732,0.0007997512817382813,0.0015995025634765628,0.0001,True,0.75,1000,10,"{'alpha': 0.0001, 'early_stopping': True, 'l1_ratio': 0.75, 'max_iter': 1000, 'n_iter_no_change': 10}",0.7361111111111112,0.7152777777777778,0.7708333333333334,0.7902097902097902,0.7762237762237763,0.7577311577311577,0.027706394197819728,94
80,0.035999488830566403,0.008762729863850495,0.000800180435180664,0.001600360870361328,0.0001,True,0.75,1000,20,"{'alpha': 0.0001, 'early_stopping': True, 'l1_ratio': 0.75, 'max_iter': 1000, 'n_iter_no_change': 20}",0.75,0.7430555555555556,0.7291666666666666,0.8181818181818182,0.7972027972027972,0.7675213675213676,0.0341295352493189,70
81,0.04079904556274414,0.019167314428824418,0.00160064697265625,0.0019603847505903485,0.0001,False,0.25,200,5,"{'alpha': 0.0001, 'early_stopping': False, 'l1_ratio': 0.25, 'max_iter': 200, 'n_iter_no_change': 5}",0.7638888888888888,0.7708333333333334,0.7986111111111112,0.7692307692307693,0.7692307692307693,0.7743589743589744,0.012351647235173301,55
82,0.06319975852966309,0.016277808914952535,0.0016002178192138672,0.001959858603446413,0.0001,False,0.25,200,10,"{'alpha': 0.0001, 'early_stopping': False, 'l1_ratio': 0.25, 'max_iter': 200, 'n_iter_no_change': 10}",0.7569444444444444,0.75,0.8263888888888888,0.8041958041958042,0.8041958041958042,0.7883449883449882,0.029685576913020973,43
83,0.08719940185546875,0.011141543548362328,0.004000234603881836,0.006197062930141697,0.0001,False,0.25,200,20,"{'alpha': 0.0001, 'early_stopping': False, 'l1_ratio': 0.25, 'max_iter': 200, 'n_iter_no_change': 20}",0.7152777777777778,0.7569444444444444,0.8125,0.8181818181818182,0.7552447552447552,0.7716297591297592,0.038722457083171444,67
84,0.05519952774047852,0.02670138138477856,0.0016001224517822265,0.001959741883891355,0.0001,False,0.25,500,5,"{'alpha': 0.0001, 'early_stopping': False, 'l1_ratio': 0.25, 'max_iter': 500, 'n_iter_no_change': 5}",0.7638888888888888,0.7708333333333334,0.7986111111111112,0.7692307692307693,0.7692307692307693,0.7743589743589744,0.012351647235173301,55
85,0.05359964370727539,0.01612055510257159,0.0008002758026123047,0.0016005516052246093,0.0001,False,0.25,500,10,"{'alpha': 0.0001, 'early_stopping': False, 'l1_ratio': 0.25, 'max_iter': 500, 'n_iter_no_change': 10}",0.7569444444444444,0.75,0.8263888888888888,0.8041958041958042,0.8041958041958042,0.7883449883449882,0.029685576913020973,43
86,0.06559934616088867,0.010613465314043608,0.0032001495361328124,0.006400299072265626,0.0001,False,0.25,500,20,"{'alpha': 0.0001, 'early_stopping': False, 'l1_ratio': 0.25, 'max_iter': 500, 'n_iter_no_change': 20}",0.7152777777777778,0.7569444444444444,0.8125,0.8181818181818182,0.7552447552447552,0.7716297591297592,0.038722457083171444,67
87,0.02720026969909668,0.012238199998419113,0.0023993968963623045,0.001959099437607618,0.0001,False,0.25,1000,5,"{'alpha': 0.0001, 'early_stopping': False, 'l1_ratio': 0.25, 'max_iter': 1000, 'n_iter_no_change': 5}",0.7638888888888888,0.7708333333333334,0.7986111111111112,0.7692307692307693,0.7692307692307693,0.7743589743589744,0.012351647235173301,55
88,0.0448002815246582,0.01608041721390811,0.000800180435180664,0.001600360870361328,0.0001,False,0.25,1000,10,"{'alpha': 0.0001, 'early_stopping': False, 'l1_ratio': 0.25, 'max_iter': 1000, 'n_iter_no_change': 10}",0.7569444444444444,0.75,0.8263888888888888,0.8041958041958042,0.8041958041958042,0.7883449883449882,0.029685576913020973,43
89,0.06079950332641602,0.015471037407808346,0.0,0.0,0.0001,False,0.25,1000,20,"{'alpha': 0.0001, 'early_stopping': False, 'l1_ratio': 0.25, 'max_iter': 1000, 'n_iter_no_change': 20}",0.7152777777777778,0.7569444444444444,0.8125,0.8181818181818182,0.7552447552447552,0.7716297591297592,0.038722457083171444,67
90,0.023199844360351562,0.007332380529891492,0.0016020774841308595,0.001962138737428545,0.0001,False,0.5,200,5,"{'alpha': 0.0001, 'early_stopping': False, 'l1_ratio': 0.5, 'max_iter': 200, 'n_iter_no_change': 5}",0.7361111111111112,0.7430555555555556,0.7986111111111112,0.7972027972027972,0.7832167832167832,0.7716394716394717,0.02681153391183857,64
91,0.03679890632629394,0.008542817620373526,0.0007999420166015625,0.0015998840332031247,0.0001,False,0.5,200,10,"{'alpha': 0.0001, 'early_stopping': False, 'l1_ratio': 0.5, 'max_iter': 200, 'n_iter_no_change': 10}",0.7708333333333334,0.8125,0.8055555555555556,0.8181818181818182,0.7552447552447552,0.7924630924630925,0.02484912155942098,28
92,0.06239900588989258,0.017996016562736656,0.0032004356384277345,0.003919717137283617,0.0001,False,0.5,200,20,"{'alpha': 0.0001, 'early_stopping': False, 'l1_ratio': 0.5, 'max_iter': 200, 'n_iter_no_change': 20}",0.7222222222222222,0.7638888888888888,0.8333333333333334,0.7762237762237763,0.7692307692307693,0.772979797979798,0.035569942271429435,58
93,0.030399894714355467,0.008236685229053848,0.0008001327514648438,0.0016002655029296875,0.0001,False,0.5,500,5,"{'alpha': 0.0001, 'early_stopping': False, 'l1_ratio': 0.5, 'max_iter': 500, 'n_iter_no_change': 5}",0.7361111111111112,0.7430555555555556,0.7986111111111112,0.7972027972027972,0.7832167832167832,0.7716394716394717,0.02681153391183857,64
94,0.04079885482788086,0.007755292862481039,0.0008004188537597656,0.0016008377075195312,0.0001,False,0.5,500,10,"{'alpha': 0.0001, 'early_stopping': False, 'l1_ratio': 0.5, 'max_iter': 500, 'n_iter_no_change': 10}",0.7708333333333334,0.8125,0.8055555555555556,0.8181818181818182,0.7552447552447552,0.7924630924630925,0.02484912155942098,28
95,0.06719961166381835,0.015471212479421596,0.0008004188537597656,0.0016008377075195312,0.0001,False,0.5,500,20,"{'alpha': 0.0001, 'early_stopping': False, 'l1_ratio': 0.5, 'max_iter': 500, 'n_iter_no_change': 20}",0.7222222222222222,0.7638888888888888,0.8333333333333334,0.7762237762237763,0.7692307692307693,0.772979797979798,0.035569942271429435,58
96,0.02159876823425293,0.0019604426072996114,0.0016009807586669922,0.0019607929748235147,0.0001,False,0.5,1000,5,"{'alpha': 0.0001, 'early_stopping': False, 'l1_ratio': 0.5, 'max_iter': 1000, 'n_iter_no_change': 5}",0.7361111111111112,0.7430555555555556,0.7986111111111112,0.7972027972027972,0.7832167832167832,0.7716394716394717,0.02681153391183857,64
97,0.03679966926574707,0.00853957500527185,0.001600360870361328,0.001960033774151065,0.0001,False,0.5,1000,10,"{'alpha': 0.0001, 'early_stopping': False, 'l1_ratio': 0.5, 'max_iter': 1000, 'n_iter_no_change': 10}",0.7708333333333334,0.8125,0.8055555555555556,0.8181818181818182,0.7552447552447552,0.7924630924630925,0.02484912155942098,28
98,0.05680074691772461,0.014838688926955187,0.0015989303588867187,0.0019582824592167215,0.0001,False,0.5,1000,20,"{'alpha': 0.0001, 'early_stopping': False, 'l1_ratio': 0.5, 'max_iter': 1000, 'n_iter_no_change': 20}",0.7222222222222222,0.7638888888888888,0.8333333333333334,0.7762237762237763,0.7692307692307693,0.772979797979798,0.035569942271429435,58
99,0.01920018196105957,0.004664243513598662,0.0007999420166015625,0.0015998840332031247,0.0001,False,0.75,200,5,"{'alpha': 0.0001, 'early_stopping': False, 'l1_ratio': 0.75, 'max_iter': 200, 'n_iter_no_change': 5}",0.7013888888888888,0.7361111111111112,0.8055555555555556,0.7832167832167832,0.7902097902097902,0.7632964257964258,0.038674457545770285,82
100,0.04159984588623047,0.009330175761114647,0.006400203704833985,0.005426651888780853,0.0001,False,0.75,200,10,"{'alpha': 0.0001, 'early_stopping': False, 'l1_ratio': 0.75, 'max_iter': 200, 'n_iter_no_change': 10}",0.7708333333333334,0.7569444444444444,0.8055555555555556,0.7972027972027972,0.7902097902097902,0.7841491841491841,0.017791965836947102,52
101,0.06479902267456054,0.015471725301522559,0.0,0.0,0.0001,False,0.75,200,20,"{'alpha': 0.0001, 'early_stopping': False, 'l1_ratio': 0.75, 'max_iter': 200, 'n_iter_no_change': 20}",0.7569444444444444,0.7638888888888888,0.8333333333333334,0.8251748251748252,0.8041958041958042,0.7967074592074592,0.031196399766856037,10
102,0.018400192260742188,0.003200710070537453,0.0,0.0,0.0001,False,0.75,500,5,"{'alpha': 0.0001, 'early_stopping': False, 'l1_ratio': 0.75, 'max_iter': 500, 'n_iter_no_change': 5}",0.7013888888888888,0.7361111111111112,0.8055555555555556,0.7832167832167832,0.7902097902097902,0.7632964257964258,0.038674457545770285,82
103,0.03760056495666504,0.010612850627791628,0.0007996559143066406,0.0015993118286132812,0.0001,False,0.75,500,10,"{'alpha': 0.0001, 'early_stopping': False, 'l1_ratio': 0.75, 'max_iter': 500, 'n_iter_no_change': 10}",0.7708333333333334,0.7569444444444444,0.8055555555555556,0.7972027972027972,0.7902097902097902,0.7841491841491841,0.017791965836947102,52
104,0.07279987335205078,0.021225744398764367,0.000800323486328125,0.0016006469726562503,0.0001,False,0.75,500,20,"{'alpha': 0.0001, 'early_stopping': False, 'l1_ratio': 0.75, 'max_iter': 500, 'n_iter_no_change': 20}",0.7569444444444444,0.7638888888888888,0.8333333333333334,0.8251748251748252,0.8041958041958042,0.7967074592074592,0.031196399766856037,10
105,0.020800685882568358,0.005878700117364084,0.003199148178100586,0.0029930713825273686,0.0001,False,0.75,1000,5,"{'alpha': 0.0001, 'early_stopping': False, 'l1_ratio': 0.75, 'max_iter': 1000, 'n_iter_no_change': 5}",0.7013888888888888,0.7361111111111112,0.8055555555555556,0.7832167832167832,0.7902097902097902,0.7632964257964258,0.038674457545770285,82
106,0.04399995803833008,0.006197432416859873,0.001599740982055664,0.0019592745995932214,0.0001,False,0.75,1000,10,"{'alpha': 0.0001, 'early_stopping': False, 'l1_ratio': 0.75, 'max_iter': 1000, 'n_iter_no_change': 10}",0.7708333333333334,0.7569444444444444,0.8055555555555556,0.7972027972027972,0.7902097902097902,0.7841491841491841,0.017791965836947102,52
107,0.07840199470520019,0.020015347471055045,0.00079803466796875,0.0015960693359375,0.0001,False,0.75,1000,20,"{'alpha': 0.0001, 'early_stopping': False, 'l1_ratio': 0.75, 'max_iter': 1000, 'n_iter_no_change': 20}",0.7569444444444444,0.7638888888888888,0.8333333333333334,0.8251748251748252,0.8041958041958042,0.7967074592074592,0.031196399766856037,10
108,0.011201429367065429,0.0029946640255128446,0.0007995128631591797,0.0015990257263183594,0.001,True,0.25,200,5,"{'alpha': 0.001, 'early_stopping': True, 'l1_ratio': 0.25, 'max_iter': 200, 'n_iter_no_change': 5}",0.7152777777777778,0.7777777777777778,0.7847222222222222,0.7902097902097902,0.7412587412587412,0.7618492618492618,0.028893190102878847,91
109,0.01919894218444824,0.00530752356959796,0.0,0.0,0.001,True,0.25,200,10,"{'alpha': 0.001, 'early_stopping': True, 'l1_ratio': 0.25, 'max_iter': 200, 'n_iter_no_change': 10}",0.7569444444444444,0.7430555555555556,0.7569444444444444,0.7972027972027972,0.8041958041958042,0.7716686091686091,0.024340591881113344,61
110,0.03600006103515625,0.007155298771659676,0.0007999420166015625,0.0015998840332031247,0.001,True,0.25,200,20,"{'alpha': 0.001, 'early_stopping': True, 'l1_ratio': 0.25, 'max_iter': 200, 'n_iter_no_change': 20}",0.7777777777777778,0.7708333333333334,0.8055555555555556,0.8251748251748252,0.8111888111888111,0.7981060606060606,0.020573828465948844,4
111,0.019200229644775392,0.010851324668964739,0.0008000373840332031,0.0016000747680664062,0.001,True,0.25,500,5,"{'alpha': 0.001, 'early_stopping': True, 'l1_ratio': 0.25, 'max_iter': 500, 'n_iter_no_change': 5}",0.7152777777777778,0.7777777777777778,0.7847222222222222,0.7902097902097902,0.7412587412587412,0.7618492618492618,0.028893190102878847,91
112,0.01919975280761719,0.00299309634203343,0.0008000373840332031,0.0016000747680664064,0.001,True,0.25,500,10,"{'alpha': 0.001, 'early_stopping': True, 'l1_ratio': 0.25, 'max_iter': 500, 'n_iter_no_change': 10}",0.7569444444444444,0.7430555555555556,0.7569444444444444,0.7972027972027972,0.8041958041958042,0.7716686091686091,0.024340591881113344,61
113,0.027200078964233397,0.003919074873000146,0.0,0.0,0.001,True,0.25,500,20,"{'alpha': 0.001, 'early_stopping': True, 'l1_ratio': 0.25, 'max_iter': 500, 'n_iter_no_change': 20}",0.7777777777777778,0.7708333333333334,0.8055555555555556,0.8251748251748252,0.8111888111888111,0.7981060606060606,0.020573828465948844,4
114,0.011200284957885743,0.002993274974643472,0.0007999420166015625,0.001599884033203125,0.001,True,0.25,1000,5,"{'alpha': 0.001, 'early_stopping': True, 'l1_ratio': 0.25, 'max_iter': 1000, 'n_iter_no_change': 5}",0.7152777777777778,0.7777777777777778,0.7847222222222222,0.7902097902097902,0.7412587412587412,0.7618492618492618,0.028893190102878847,91
115,0.01839890480041504,0.004800248459567893,0.0016008853912353516,0.001960676811869034,0.001,True,0.25,1000,10,"{'alpha': 0.001, 'early_stopping': True, 'l1_ratio': 0.25, 'max_iter': 1000, 'n_iter_no_change': 10}",0.7569444444444444,0.7430555555555556,0.7569444444444444,0.7972027972027972,0.8041958041958042,0.7716686091686091,0.024340591881113344,61
116,0.034400129318237306,0.009329317099963179,0.0015997886657714844,0.0019593330159349293,0.001,True,0.25,1000,20,"{'alpha': 0.001, 'early_stopping': True, 'l1_ratio': 0.25, 'max_iter': 1000, 'n_iter_no_change': 20}",0.7777777777777778,0.7708333333333334,0.8055555555555556,0.8251748251748252,0.8111888111888111,0.7981060606060606,0.020573828465948844,4
117,0.01119999885559082,0.0016020789175653326,0.0,0.0,0.001,True,0.5,200,5,"{'alpha': 0.001, 'early_stopping': True, 'l1_ratio': 0.5, 'max_iter': 200, 'n_iter_no_change': 5}",0.7083333333333334,0.7361111111111112,0.7569444444444444,0.7902097902097902,0.7552447552447552,0.7493686868686869,0.026905685493088142,104
118,0.015999746322631837,0.005060106902430453,0.0016006946563720704,0.0019604428160650157,0.001,True,0.5,200,10,"{'alpha': 0.001, 'early_stopping': True, 'l1_ratio': 0.5, 'max_iter': 200, 'n_iter_no_change': 10}",0.7569444444444444,0.7569444444444444,0.8263888888888888,0.7972027972027972,0.8041958041958042,0.7883352758352757,0.027382605253437414,46
119,0.03839921951293945,0.00408017318087785,0.0008000373840332031,0.0016000747680664062,0.001,True,0.5,200,20,"{'alpha': 0.001, 'early_stopping': True, 'l1_ratio': 0.5, 'max_iter': 200, 'n_iter_no_change': 20}",0.7847222222222222,0.7708333333333334,0.8055555555555556,0.8181818181818182,0.8111888111888111,0.7980963480963481,0.017621678076543343,7
120,0.014400529861450195,0.008978631375406361,0.0008004188537597656,0.0016008377075195312,0.001,True,0.5,500,5,"{'alpha': 0.001, 'early_stopping': True, 'l1_ratio': 0.5, 'max_iter': 500, 'n_iter_no_change': 5}",0.7083333333333334,0.7361111111111112,0.7569444444444444,0.7902097902097902,0.7552447552447552,0.7493686868686869,0.026905685493088142,104
121,0.023200178146362306,0.009600710966379822,0.0,0.0,0.001,True,0.5,500,10,"{'alpha': 0.001, 'early_stopping': True, 'l1_ratio': 0.5, 'max_iter': 500, 'n_iter_no_change': 10}",0.7569444444444444,0.7569444444444444,0.8263888888888888,0.7972027972027972,0.8041958041958042,0.7883352758352757,0.027382605253437414,46
122,0.029601001739501955,0.0065006555930871525,0.0007999897003173828,0.0015999794006347657,0.001,True,0.5,500,20,"{'alpha': 0.001, 'early_stopping': True, 'l1_ratio': 0.5, 'max_iter': 500, 'n_iter_no_change': 20}",0.7847222222222222,0.7708333333333334,0.8055555555555556,0.8181818181818182,0.8111888111888111,0.7980963480963481,0.017621678076543343,7
123,0.012000465393066406,9.368363716310739e-07,0.0,0.0,0.001,True,0.5,1000,5,"{'alpha': 0.001, 'early_stopping': True, 'l1_ratio': 0.5, 'max_iter': 1000, 'n_iter_no_change': 5}",0.7083333333333334,0.7361111111111112,0.7569444444444444,0.7902097902097902,0.7552447552447552,0.7493686868686869,0.026905685493088142,104
124,0.0160003662109375,2.489619728509257e-06,0.0007998943328857422,0.0015997886657714844,0.001,True,0.5,1000,10,"{'alpha': 0.001, 'early_stopping': True, 'l1_ratio': 0.5, 'max_iter': 1000, 'n_iter_no_change': 10}",0.7569444444444444,0.7569444444444444,0.8263888888888888,0.7972027972027972,0.8041958041958042,0.7883352758352757,0.027382605253437414,46
125,0.024799013137817384,0.0016007910855405003,0.0007996082305908204,0.0015992164611816407,0.001,True,0.5,1000,20,"{'alpha': 0.001, 'early_stopping': True, 'l1_ratio': 0.5, 'max_iter': 1000, 'n_iter_no_change': 20}",0.7847222222222222,0.7708333333333334,0.8055555555555556,0.8181818181818182,0.8111888111888111,0.7980963480963481,0.017621678076543343,7
126,0.009599924087524414,0.0019595277380340453,0.0008002281188964844,0.0016004562377929688,0.001,True,0.75,200,5,"{'alpha': 0.001, 'early_stopping': True, 'l1_ratio': 0.75, 'max_iter': 200, 'n_iter_no_change': 5}",0.7708333333333334,0.7430555555555556,0.7430555555555556,0.7762237762237763,0.7552447552447552,0.7576825951825953,0.013788117698769723,97
127,0.01679959297180176,0.0046650612887416225,0.000800323486328125,0.00160064697265625,0.001,True,0.75,200,10,"{'alpha': 0.001, 'early_stopping': True, 'l1_ratio': 0.75, 'max_iter': 200, 'n_iter_no_change': 10}",0.7569444444444444,0.7569444444444444,0.8333333333333334,0.7972027972027972,0.8041958041958042,0.7897241647241647,0.02938073519421828,40
128,0.0391998291015625,0.007756296149901067,0.0,0.0,0.001,True,0.75,200,20,"{'alpha': 0.001, 'early_stopping': True, 'l1_ratio': 0.75, 'max_iter': 200, 'n_iter_no_change': 20}",0.7847222222222222,0.7708333333333334,0.8055555555555556,0.8181818181818182,0.8181818181818182,0.7994949494949496,0.01884065169006954,1
129,0.010399532318115235,0.003198480742923551,0.0015998363494873046,0.001959391377155257,0.001,True,0.75,500,5,"{'alpha': 0.001, 'early_stopping': True, 'l1_ratio': 0.75, 'max_iter': 500, 'n_iter_no_change': 5}",0.7708333333333334,0.7430555555555556,0.7430555555555556,0.7762237762237763,0.7552447552447552,0.7576825951825953,0.013788117698769723,97
130,0.018400144577026368,0.006974673638539351,0.0008001327514648438,0.0016002655029296875,0.001,True,0.75,500,10,"{'alpha': 0.001, 'early_stopping': True, 'l1_ratio': 0.75, 'max_iter': 500, 'n_iter_no_change': 10}",0.7569444444444444,0.7569444444444444,0.8333333333333334,0.7972027972027972,0.8041958041958042,0.7897241647241647,0.02938073519421828,40
131,0.03359766006469726,0.010907922621900117,0.002402067184448242,0.0019612811580955927,0.001,True,0.75,500,20,"{'alpha': 0.001, 'early_stopping': True, 'l1_ratio': 0.75, 'max_iter': 500, 'n_iter_no_change': 20}",0.7847222222222222,0.7708333333333334,0.8055555555555556,0.8181818181818182,0.8181818181818182,0.7994949494949496,0.01884065169006954,1
132,0.021600675582885743,0.012291180659376663,0.0007995128631591797,0.0015990257263183594,0.001,True,0.75,1000,5,"{'alpha': 0.001, 'early_stopping': True, 'l1_ratio': 0.75, 'max_iter': 1000, 'n_iter_no_change': 5}",0.7708333333333334,0.7430555555555556,0.7430555555555556,0.7762237762237763,0.7552447552447552,0.7576825951825953,0.013788117698769723,97
133,0.02079920768737793,0.005876110646000785,0.0,0.0,0.001,True,0.75,1000,10,"{'alpha': 0.001, 'early_stopping': True, 'l1_ratio': 0.75, 'max_iter': 1000, 'n_iter_no_change': 10}",0.7569444444444444,0.7569444444444444,0.8333333333333334,0.7972027972027972,0.8041958041958042,0.7897241647241647,0.02938073519421828,40
134,0.030399799346923828,0.004078630249314844,0.0007997035980224609,0.0015994071960449216,0.001,True,0.75,1000,20,"{'alpha': 0.001, 'early_stopping': True, 'l1_ratio': 0.75, 'max_iter': 1000, 'n_iter_no_change': 20}",0.7847222222222222,0.7708333333333334,0.8055555555555556,0.8181818181818182,0.8181818181818182,0.7994949494949496,0.01884065169006954,1
135,0.012799930572509766,0.0015995743404716928,0.0016002178192138672,0.001959858580243344,0.001,False,0.25,200,5,"{'alpha': 0.001, 'early_stopping': False, 'l1_ratio': 0.25, 'max_iter': 200, 'n_iter_no_change': 5}",0.7430555555555556,0.7638888888888888,0.7916666666666666,0.8391608391608392,0.8111888111888111,0.7897921522921523,0.03392310890433481,37
136,0.030399370193481445,0.01834722462566825,0.0015997886657714844,0.001959332969516342,0.001,False,0.25,200,10,"{'alpha': 0.001, 'early_stopping': False, 'l1_ratio': 0.25, 'max_iter': 200, 'n_iter_no_change': 10}",0.7708333333333334,0.7847222222222222,0.8194444444444444,0.8181818181818182,0.7832167832167832,0.7952797202797204,0.01981434345531244,19
137,0.036801719665527345,0.009260197656385845,0.0015976428985595703,0.0019567084338453712,0.001,False,0.25,200,20,"{'alpha': 0.001, 'early_stopping': False, 'l1_ratio': 0.25, 'max_iter': 200, 'n_iter_no_change': 20}",0.75,0.7777777777777778,0.8333333333333334,0.8251748251748252,0.7972027972027972,0.7966977466977467,0.030633348015897382,13
138,0.012799835205078125,0.003919279166475023,0.0,0.0,0.001,False,0.25,500,5,"{'alpha': 0.001, 'early_stopping': False, 'l1_ratio': 0.25, 'max_iter': 500, 'n_iter_no_change': 5}",0.7430555555555556,0.7638888888888888,0.7916666666666666,0.8391608391608392,0.8111888111888111,0.7897921522921523,0.03392310890433481,37
139,0.027199697494506837,0.013242563170740355,0.0008000373840332031,0.0016000747680664062,0.001,False,0.25,500,10,"{'alpha': 0.001, 'early_stopping': False, 'l1_ratio': 0.25, 'max_iter': 500, 'n_iter_no_change': 10}",0.7708333333333334,0.7847222222222222,0.8194444444444444,0.8181818181818182,0.7832167832167832,0.7952797202797204,0.01981434345531244,19
140,0.03920016288757324,0.012237190056600556,0.0015997886657714844,0.0019593329637140186,0.001,False,0.25,500,20,"{'alpha': 0.001, 'early_stopping': False, 'l1_ratio': 0.25, 'max_iter': 500, 'n_iter_no_change': 20}",0.75,0.7777777777777778,0.8333333333333334,0.8251748251748252,0.7972027972027972,0.7966977466977467,0.030633348015897382,13
141,0.019200229644775392,0.00959725598912836,0.0,0.0,0.001,False,0.25,1000,5,"{'alpha': 0.001, 'early_stopping': False, 'l1_ratio': 0.25, 'max_iter': 1000, 'n_iter_no_change': 5}",0.7430555555555556,0.7638888888888888,0.7916666666666666,0.8391608391608392,0.8111888111888111,0.7897921522921523,0.03392310890433481,37
142,0.02239980697631836,0.005986855147622768,0.003200817108154297,0.0046661570984552056,0.001,False,0.25,1000,10,"{'alpha': 0.001, 'early_stopping': False, 'l1_ratio': 0.25, 'max_iter': 1000, 'n_iter_no_change': 10}",0.7708333333333334,0.7847222222222222,0.8194444444444444,0.8181818181818182,0.7832167832167832,0.7952797202797204,0.01981434345531244,19
143,0.04319996833801269,0.010552050310861979,0.0008000850677490235,0.001600170135498047,0.001,False,0.25,1000,20,"{'alpha': 0.001, 'early_stopping': False, 'l1_ratio': 0.25, 'max_iter': 1000, 'n_iter_no_change': 20}",0.75,0.7777777777777778,0.8333333333333334,0.8251748251748252,0.7972027972027972,0.7966977466977467,0.030633348015897382,13
144,0.013597631454467773,0.005982605340181758,0.0008020877838134765,0.0016041755676269528,0.001,False,0.5,200,5,"{'alpha': 0.001, 'early_stopping': False, 'l1_ratio': 0.5, 'max_iter': 200, 'n_iter_no_change': 5}",0.7430555555555556,0.7638888888888888,0.8194444444444444,0.8391608391608392,0.8111888111888111,0.7953477078477078,0.03598697049424166,16
145,0.020800209045410155,0.005879056640010514,0.0039999961853027345,0.006196693573667227,0.001,False,0.5,200,10,"{'alpha': 0.001, 'early_stopping': False, 'l1_ratio': 0.5, 'max_iter': 200, 'n_iter_no_change': 10}",0.7708333333333334,0.7847222222222222,0.8194444444444444,0.7972027972027972,0.7832167832167832,0.791083916083916,0.01645727380286641,34
146,0.037599611282348636,0.014220099135089224,0.0016003131866455078,0.001959975381015365,0.001,False,0.5,200,20,"{'alpha': 0.001, 'early_stopping': False, 'l1_ratio': 0.5, 'max_iter': 200, 'n_iter_no_change': 20}",0.7569444444444444,0.7708333333333334,0.8333333333333334,0.8041958041958042,0.7972027972027972,0.7925019425019425,0.02668299535236033,25
147,0.013599109649658204,0.004079396924707176,0.0016002655029296875,0.003200531005859375,0.001,False,0.5,500,5,"{'alpha': 0.001, 'early_stopping': False, 'l1_ratio': 0.5, 'max_iter': 500, 'n_iter_no_change': 5}",0.7430555555555556,0.7638888888888888,0.8194444444444444,0.8391608391608392,0.8111888111888111,0.7953477078477078,0.03598697049424166,16
148,0.029600238800048827,0.00932913308259358,0.0007998943328857422,0.0015997886657714844,0.001,False,0.5,500,10,"{'alpha': 0.001, 'early_stopping': False, 'l1_ratio': 0.5, 'max_iter': 500, 'n_iter_no_change': 10}",0.7708333333333334,0.7847222222222222,0.8194444444444444,0.7972027972027972,0.7832167832167832,0.791083916083916,0.01645727380286641,34
149,0.03119950294494629,0.008908363958873705,0.000800180435180664,0.001600360870361328,0.001,False,0.5,500,20,"{'alpha': 0.001, 'early_stopping': False, 'l1_ratio': 0.5, 'max_iter': 500, 'n_iter_no_change': 20}",0.7569444444444444,0.7708333333333334,0.8333333333333334,0.8041958041958042,0.7972027972027972,0.7925019425019425,0.02668299535236033,25
150,0.015200376510620117,0.004665372155770508,0.0007994174957275391,0.0015988349914550781,0.001,False,0.5,1000,5,"{'alpha': 0.001, 'early_stopping': False, 'l1_ratio': 0.5, 'max_iter': 1000, 'n_iter_no_change': 5}",0.7430555555555556,0.7638888888888888,0.8194444444444444,0.8391608391608392,0.8111888111888111,0.7953477078477078,0.03598697049424166,16
151,0.018400239944458007,0.0019592758355245605,0.0007999420166015625,0.0015998840332031247,0.001,False,0.5,1000,10,"{'alpha': 0.001, 'early_stopping': False, 'l1_ratio': 0.5, 'max_iter': 1000, 'n_iter_no_change': 10}",0.7708333333333334,0.7847222222222222,0.8194444444444444,0.7972027972027972,0.7832167832167832,0.791083916083916,0.01645727380286641,34
152,0.032800149917602536,0.005306445184536517,0.0007998466491699219,0.0015996932983398436,0.001,False,0.5,1000,20,"{'alpha': 0.001, 'early_stopping': False, 'l1_ratio': 0.5, 'max_iter': 1000, 'n_iter_no_change': 20}",0.7569444444444444,0.7708333333333334,0.8333333333333334,0.8041958041958042,0.7972027972027972,0.7925019425019425,0.02668299535236033,25
153,0.011199569702148438,0.0029924465415570095,0.0008002758026123047,0.0016005516052246093,0.001,False,0.75,200,5,"{'alpha': 0.001, 'early_stopping': False, 'l1_ratio': 0.75, 'max_iter': 200, 'n_iter_no_change': 5}",0.7430555555555556,0.7638888888888888,0.8194444444444444,0.8321678321678322,0.8111888111888111,0.7939491064491064,0.03435596273398252,22
154,0.018399572372436522,0.004078620985732649,0.0,0.0,0.001,False,0.75,200,10,"{'alpha': 0.001, 'early_stopping': False, 'l1_ratio': 0.75, 'max_iter': 200, 'n_iter_no_change': 10}",0.7708333333333334,0.7777777777777778,0.8194444444444444,0.8041958041958042,0.7832167832167832,0.7910936285936285,0.018029264571757665,31
155,0.03199954032897949,0.006693308158719488,0.0007999420166015625,0.0015998840332031247,0.001,False,0.75,200,20,"{'alpha': 0.001, 'early_stopping': False, 'l1_ratio': 0.75, 'max_iter': 200, 'n_iter_no_change': 20}",0.75,0.7708333333333334,0.8194444444444444,0.8041958041958042,0.7902097902097902,0.7869366744366744,0.024449873091352436,49
156,0.01360011100769043,0.004080640902610354,0.0,0.0,0.001,False,0.75,500,5,"{'alpha': 0.001, 'early_stopping': False, 'l1_ratio': 0.75, 'max_iter': 500, 'n_iter_no_change': 5}",0.7430555555555556,0.7638888888888888,0.8194444444444444,0.8321678321678322,0.8111888111888111,0.7939491064491064,0.03435596273398252,22
157,0.021599531173706055,0.009666718858534611,0.0016003131866455078,0.0019599753694145216,0.001,False,0.75,500,10,"{'alpha': 0.001, 'early_stopping': False, 'l1_ratio': 0.75, 'max_iter': 500, 'n_iter_no_change': 10}",0.7708333333333334,0.7777777777777778,0.8194444444444444,0.8041958041958042,0.7832167832167832,0.7910936285936285,0.018029264571757665,31
158,0.03199992179870605,0.008390317454606533,0.0007999897003173828,0.0015999794006347657,0.001,False,0.75,500,20,"{'alpha': 0.001, 'early_stopping': False, 'l1_ratio': 0.75, 'max_iter': 500, 'n_iter_no_change': 20}",0.75,0.7708333333333334,0.8194444444444444,0.8041958041958042,0.7902097902097902,0.7869366744366744,0.024449873091352436,49
159,0.011200046539306641,0.002993402123908101,0.0016002178192138672,0.001959858580243344,0.001,False,0.75,1000,5,"{'alpha': 0.001, 'early_stopping': False, 'l1_ratio': 0.75, 'max_iter': 1000, 'n_iter_no_change': 5}",0.7430555555555556,0.7638888888888888,0.8194444444444444,0.8321678321678322,0.8111888111888111,0.7939491064491064,0.03435596273398252,22
160,0.015200328826904298,0.0029942560344720657,0.0015995025634765625,0.0019589826542494,0.001,False,0.75,1000,10,"{'alpha': 0.001, 'early_stopping': False, 'l1_ratio': 0.75, 'max_iter': 1000, 'n_iter_no_change': 10}",0.7708333333333334,0.7777777777777778,0.8194444444444444,0.8041958041958042,0.7832167832167832,0.7910936285936285,0.018029264571757665,31
161,0.029599666595458984,0.007838134929268572,0.0007999897003173828,0.0015999794006347657,0.001,False,0.75,1000,20,"{'alpha': 0.001, 'early_stopping': False, 'l1_ratio': 0.75, 'max_iter': 1000, 'n_iter_no_change': 20}",0.75,0.7708333333333334,0.8194444444444444,0.8041958041958042,0.7902097902097902,0.7869366744366744,0.024449873091352436,49
